date,item_name,price,price_per_unit,sale_price,store
2025-04-09,N/A,N/A,N/A,N/A,Walmart
2025-04-09,"Great Value Crispy Rice Treats, 40 Count",9.48,30.4 ¢/oz,N/A,Walmart
2025-04-09,Great Value Taters Seasoned and Shredded Potatoes,2.97,9.3 ¢/oz,N/A,Walmart
2025-04-09,"Great Value Hickory Smoked Bacon, 12 oz",4.24,$5.65/lb,N/A,Walmart
2025-04-09,"Great Value Purified Drinking Water, 16.9 Fl. Oz., 40 Count",5.47,0.8 ¢/fl oz,N/A,Walmart
2025-04-09,"Great Value Butter & Garlic 90 Second Rice, 8.8 oz Pouch",1.42,16.1 ¢/oz,N/A,Walmart
2025-04-09,"Great Value White Sandwich Bread, 20 oz",1.42,7.1 ¢/oz,N/A,Walmart
2025-04-09,"Great Value White Round Top Bread Loaf, 20 oz",1.42,7.1 ¢/oz,N/A,Walmart
2025-04-09,"Great Value Family Variety Chips Pack, 30 Count, 1 oz",11.37,28.3 ¢/oz,N/A,Walmart
2025-04-09,"Great Value Hashbrown Patties, 22oz",3.42,15.2 ¢/oz,N/A,Walmart
2025-04-09,"Great Value Chunk Light Tuna in Water, 5 oz, 4 Pack",3.22,$3.22,3.18,Walmart
2025-04-09,"Great Value Peanut Butter Wafer Bars, 2 oz, 6 pack",1.98,16.5 ¢/oz,N/A,Walmart
2025-04-09,"Great Value Toasted Coconut Cashews, 8.25 oz",4.38,52.8 ¢/oz,N/A,Walmart
2025-04-09,"Great Value Large White Eggs, 18 Count",7.34,40.8 ¢/count,N/A,Walmart
2025-04-09,"Great Value Whole Vitamin D Milk, Gallon, Plastic, Jug, 128 Fl Oz",3.22,2.5 ¢/fl oz,N/A,Walmart
2025-04-09,"Great Value Butter Flavor Flaky Jumbo Biscuits, 8 Count",1.97,12.3 ¢/oz,N/A,Walmart
2025-04-09,"Great Value Pure Granulated Sugar, 4 lb",3.14,4.9 ¢/oz,N/A,Walmart
2025-04-09,"Great Value 100% Arabica Breakfast Blend Medium Roast Ground Coffee Pods, 33.1 oz, 100 Count",28.44,86.1 ¢/oz,N/A,Walmart
2025-04-09,"Great Value Frosted Strawberry Toaster Pastries, 20.3 oz, 12 Count",1.92,9.5 ¢/oz,N/A,Walmart
2025-04-09,"Great Value Golden Sweet Whole Kernel Corn, 15 oz",0.76,5.1 ¢/oz,N/A,Walmart
2025-04-09,"Great Value Cut Green Beans, Canned Green Beans, 14.5 oz Can",0.76,5.2 ¢/oz,N/A,Walmart
2025-04-09,"Great Value Rotini, 32 oz",1.92,6.0 ¢/oz,N/A,Walmart
2025-04-09,"Great Value Medium Soft Taco Flour Tortillas, 16 oz, 10 Count",1.98,12.4 ¢/oz,N/A,Walmart
2025-04-09,"Great Value Mozzarella String Cheese Sticks, 12 oz Bag, 12 Count (Refrigerated)",3.34,27.8 ¢/oz,N/A,Walmart
2025-04-09,Great Value Spaghetti 16oz,0.98,6.1 ¢/oz,N/A,Walmart
2025-04-09,"Great Value Saltine Crackers, 16 oz, 4 Count",1.74,10.9 ¢/oz,N/A,Walmart
2025-04-09,"Great Value Finely Shredded Colby Jack Cheese, 8 oz",2.24,$2.24,1.97,Walmart
2025-04-09,"Great Value Sweet Cream Salted Butter, 16 oz Box, 4 Sticks, Refrigerated",3.96,24.8 ¢/oz,N/A,Walmart
2025-04-09,"Great Value Tomato Ketchup, 32 oz",1.94,6.1 ¢/oz,N/A,Walmart
2025-04-09,"Great Value Cinnamon French Toast Sticks, 16 oz (Frozen)",3.16,19.8 ¢/oz,N/A,Walmart
2025-04-09,"Great Value Seasoned French Fried Potatoes, 32 oz Bag (Frozen)",2.97,9.3 ¢/oz,N/A,Walmart
2025-04-09,"Great Value Hot Dog Buns, White, 11 oz, 8 Count",1.46,13.3 ¢/oz,N/A,Walmart
2025-04-09,"Great Value Vegetable Oil, 48 fl oz",3.97,8.3 ¢/fl oz,N/A,Walmart
2025-04-09,"Great Value Five Cheese Texas Toast, 8 Count, 13.5 Ounce (Frozen)",2.44,18.1 ¢/oz,N/A,Walmart
2025-04-09,"Great Value Singles American Pasteurized Prepared Cheese Product, 16 oz, 24 Count",2.48,15.5 ¢/oz,N/A,Walmart
2025-04-09,"Great Value Frozen Broccoli & Cauliflower, 12 oz",1.16,9.7 ¢/oz,N/A,Walmart
2025-04-09,"Great Value Complete Pancake & Waffle Mix, Buttermilk, 32 oz",1.98,6.2 ¢/oz,N/A,Walmart
2025-04-09,"Great Value Hamburger Buns, 8 Count, 11 oz",1.46,13.3 ¢/oz,N/A,Walmart
2025-04-09,"Great Value Creamy Peanut Butter, 16 oz",1.94,12.1 ¢/oz,N/A,Walmart
2025-04-09,"Great Value Mozzarella Cheese Sticks Appetizer, 17.4 oz Carton (Frozen)",4.96,28.5 ¢/oz,N/A,Walmart
2025-04-09,"Great Value Cream Cheese Brick 8 oz, 2 Count",3.67,$3.67,3.26,Walmart
2025-04-09,"Great Value Crinkle Cut French Fried Potatoes, 32 oz Bag (Frozen)",2.97,9.3 ¢/oz,N/A,Walmart
2025-04-09,N/A,N/A,N/A,N/A,Walmart
2025-04-09,N/A,N/A,N/A,N/A,Walmart
date,item_name,price,price_per_unit,sale_price,store
2025-04-09,"Gourmet Garden Gluten Free Ginger Stir-in Paste, 4 oz Tube",3.94,98.5 ¢/oz,N/A,Walmart
2025-04-09,"Sumo Citrus Mandarin, 2lb Bag",5.74,$2.87/lb,N/A,Walmart
2025-04-09,"Gourmet Garden Gluten Free Minced Garlic Stir-in Paste, 4 oz Tube",3.94,98.5 ¢/oz,N/A,Walmart
2025-04-09,"Cleveland Kitchen Gluten-Free Classic Kimchi, Chopped, 16 oz Pouch",4.94,30.9 ¢/oz,N/A,Walmart
2025-04-09,"Fresh Banana, Each",0.28,54.0 ¢/lb,N/A,Walmart
2025-04-09,"Fresh Strawberries, 1 lb Container",3.28,20.5 ¢/oz,N/A,Walmart
2025-04-09,"Fresh Cucumber, Each",0.84,N/A,N/A,Walmart
2025-04-09,"Fresh Roma Tomato, Each",0.32,$1.28/lb,N/A,Walmart
2025-04-09,"Fresh Mandarin Oranges, 3 lb Bag",4.98,$4.98,3.97,Walmart
2025-04-09,1lb Baby Peeled Carrots,1.07,6.7 ¢/oz,N/A,Walmart
2025-04-09,"Marketside Fresh Organic Bananas, Bunch",2.26,74.0 ¢/lb,N/A,Walmart
2025-04-09,"Fresh Iceberg Lettuce, Each",1.84,N/A,N/A,Walmart
2025-04-09,Fresh Sweet Corn on the Cob (1 each),0.75,$0.75,0.50,Walmart
2025-04-09,"Fresh Hass Avocados, Each",0.88,N/A,N/A,Walmart
2025-04-09,"Fresh Lemon, Each",0.58,N/A,N/A,Walmart
2025-04-09,"Fresh Broccoli Crowns, Each",1.83,$1.97/lb,N/A,Walmart
2025-04-09,"Fresh Green Bell Pepper, Each",0.92,N/A,N/A,Walmart
2025-04-09,"Fresh Red Seedless Grapes, Bag (2.25 lbs/Bag Est.)",5.33,$2.37/lb,N/A,Walmart
2025-04-09,"Fresh Mini Cucumbers, 16 oz",1.97,12.3 ¢/oz,N/A,Walmart
2025-04-09,"Fresh Cantaloupe, Each",2.97,N/A,N/A,Walmart
2025-04-09,"Freshness Guaranteed Sliced White Mushrooms, 8 oz",2.17,27.1 ¢/oz,N/A,Walmart
2025-04-09,"Fresh Green Onions Bunch, Each",0.96,N/A,N/A,Walmart
2025-04-09,"Fresh Whole Russet Potatoes , 5lb bag",3.97,$3.97,2.97,Walmart
2025-04-09,Fresh Green Seedless Grapes (2.25 lbs/Bag Est.),5.33,$2.37/lb,N/A,Walmart
2025-04-09,"Marketside Fresh Spinach, 10 oz Bag, Fresh",1.98,19.8 ¢/oz,N/A,Walmart
2025-04-09,"Fresh Lime, Each",0.25,N/A,N/A,Walmart
2025-04-09,"Great Value Frozen Broccoli Florets, 12 oz Steamable Bag",1.16,9.7 ¢/oz,N/A,Walmart
2025-04-09,"Fresh Cilantro, Bunch",0.83,20.8 ¢/oz,N/A,Walmart
2025-04-09,"Fresh Gala Apples, 3 lb Bag",4.24,$4.24,3.56,Walmart
2025-04-09,"Fresh Mangoes, Each, Sweet",1.07,N/A,N/A,Walmart
2025-04-09,"Fresh Strawberries, 2 lb Container",6.38,19.9 ¢/oz,N/A,Walmart
2025-04-09,"Fresh Cherubs Grape Tomatoes, 10 oz Package",2.98,$2.98,2.48,Walmart
2025-04-09,"Fresh Romaine Lettuce Hearts 3 Count, Each",3.42,$1.14/ea,N/A,Walmart
2025-04-09,"Fresh Yellow Onions, 3 lb Bag",2.98,99.3 ¢/lb,N/A,Walmart
2025-04-09,"Fresh Yellow Nectarine, Each",0.76,N/A,N/A,Walmart
2025-04-09,"Fresh Zucchini Squash, Each",0.93,$1.47/lb,N/A,Walmart
2025-04-09,"Fresh Green Cabbage, Each",3.32,96.0 ¢/lb,N/A,Walmart
2025-04-09,"Freshly Harvested, Cut and Refrigerated Green Asparagus, Bunch",3.67,$3.67,1.97,Walmart
2025-04-09,"Fresh Seedless Watermelon, Each",8.97,N/A,N/A,Walmart
2025-04-09,"Fresh Sweet Corn on the Cob, 4 Count Tray",3.98,$3.98,2.48,Walmart
2025-04-09,"Sweet Potatoes Whole Fresh, Each (Batata Mameya)",1.13,$1.14/lb,N/A,Walmart
2025-04-09,"Fresh Slicing Tomato, Each",1.43,$1.98/lb,N/A,Walmart
2025-04-09,"Small Hass Avocados, 5-6 Count Bag",3.17,63.4 ¢/ea,N/A,Walmart
2025-04-09,"Fresh Whole Red Onion, Each",0.94,$1.18/lb,N/A,Walmart
2025-04-09,N/A,N/A,N/A,N/A,Walmart
2025-04-09,N/A,N/A,N/A,N/A,Walmart
date,item_name,price,price_per_unit,sale_price,store
2025-04-09,"Cranberry   Almond Chicken Salad, 16 oz",5.49,16 oz,N/A,Aldi
2025-04-09,"Chicken Caesar Salad Bowl, 6.25 oz",3.19,6.25 oz,N/A,Aldi
2025-04-09,"Flat Leaf Spinach, 8 oz",1.75,8 oz,N/A,Aldi
2025-04-09,"Classic Coleslaw, 14 oz",1.89,14 oz,N/A,Aldi
2025-04-09,Chef Salad Bowl,3.19,7.8 oz,N/A,Aldi
2025-04-09,"Spinach & Artichoke Stuffed Mushrooms, 8.5 oz",4.39,8.5 oz,N/A,Aldi
2025-04-09,"Organic Chopped Kale, 12 oz",3.75,12 oz,N/A,Aldi
2025-04-09,"Pineapple  Spears, 16 oz",4.19,16 oz,N/A,Aldi
2025-04-09,"Southwest Chopped Salad Kit, 12 oz",3.65,12 oz,N/A,Aldi
2025-04-09,"Sunflower Chopped Salad Kit, 11.1 oz",3.65,12 oz,N/A,Aldi
2025-04-09,"Santa Fe Salad Bowl, 6.25 oz",3.19,6.25 oz,N/A,Aldi
2025-04-09,"Italian Salad, 9 oz",3.19,9 oz,N/A,Aldi
2025-04-09,"Spring Mix, 5 oz",2.15,5 oz,N/A,Aldi
2025-04-09,"Garden Salad, 12 oz",2.15,12 oz,N/A,Aldi
2025-04-09,"Sweet Kale Chopped Salad Kit, 12 oz",3.65,12 oz,N/A,Aldi
2025-04-09,"Caesar Salad  Kit, 10 oz",3.29,10 oz,N/A,Aldi
2025-04-09,"Asian Chopped Salad Kit, 12 oz",3.65,12 oz,N/A,Aldi
2025-04-09,"Organic Arugula and Spinach Mix, 5 oz",3.19,5 oz,N/A,Aldi
2025-04-09,"Shredded Lettuce, 8 oz",2.15,8 oz,N/A,Aldi
2025-04-09,"Mango Slices, 16 oz",5.19,16 oz,N/A,Aldi
2025-04-09,"Watermelon  Spears, 16 oz",4.19,16 oz,N/A,Aldi
2025-04-09,"Sweet Butter Salad, 8 oz",2.85,6 oz,N/A,Aldi
2025-04-09,"Organic  Mixed Greens, 5 oz",3.19,5 oz,N/A,Aldi
2025-04-09,"Organic Spring Mix, 16 oz",5.39,16 oz,N/A,Aldi
2025-04-09,"Organic Baby Spinach, 5 oz",3.19,5 oz,N/A,Aldi
2025-04-09,"Sweet Onions, 2 lb",2.55,2 lb,N/A,Aldi
2025-04-09,"Caesar Chopped Salad Kit, 10.80 oz",3.65,10.8 oz,N/A,Aldi
2025-04-09,"Carrots, 2 lb",1.45,2 lb,N/A,Aldi
2025-04-09,"Romaine Lettuce Hearts, 3 count",3.75,3 ct,N/A,Aldi
2025-04-09,"Envy Apples, 2 lb",2.99,2 lb,N/A,Aldi
2025-04-09,"Cucumber, each",0.79,1 each,N/A,Aldi
2025-04-09,"Artisan Lettuce, each",3.55,1 each,N/A,Aldi
2025-04-09,"Baby  Peeled Carrots, 16 oz",0.99,N/A,N/A,Aldi
2025-04-09,"Autumn Crisp Grapes, 2 lb Bag",5.49,N/A,N/A,Aldi
2025-04-09,"Granny Smith Apples, 3 lb",4.19,3 lb,N/A,Aldi
2025-04-09,Green Leaf Lettuce,2.05,1 each,N/A,Aldi
2025-04-09,"Organic Angel Sweet Tomatoes, 1 pt",4.19,10 oz,N/A,Aldi
2025-04-09,"Red Delicious Apples, 3 lb",2.85,3 lb,N/A,Aldi
2025-04-09,"Red & Yellow Potatoes, 24 oz",2.65,24 oz,N/A,Aldi
2025-04-09,"Strawberries,   1 lb",2.99,1 lb,N/A,Aldi
2025-04-09,"Green Peppers, 3 pack",2.85,3 ct,N/A,Aldi
2025-04-09,"Pink Lady Apples, 3 lb",4.29,3 lb,N/A,Aldi
2025-04-09,"Organic Blackberries, 6 oz",3.29,N/A,N/A,Aldi
2025-04-09,"Russet  Potatoes, 10 lb",4.85,10 lb,N/A,Aldi
2025-04-09,"Blueberries,   1 pint",4.39,1 pt,N/A,Aldi
2025-04-09,"Mandarin Oranges,  3 lb",3.19,3 lb,N/A,Aldi
2025-04-09,"Pineapple, each",2.55,N/A,N/A,Aldi
2025-04-09,"Grape Tomatoes,  10 oz",2.15,10 oz,N/A,Aldi
2025-04-09,"Blackberries, 6 oz",1.65,6 oz,N/A,Aldi
2025-04-09,"Asparagus,  1 lb",1.95,1 lb,N/A,Aldi
2025-04-09,"Jalapeno Peppers, 8 oz",0.95,8 oz,N/A,Aldi
2025-04-09,"Cauliflower Crowns, each",3.25,1 each,N/A,Aldi
2025-04-09,"Mini Avocados, 6 count",3.19,6 ct,N/A,Aldi
2025-04-09,"Anjou Pears, 3 lb",5.75,3 lb,N/A,Aldi
2025-04-09,"Beefsteak Tomatoes, 1 lb",1.99,1 lb,N/A,Aldi
2025-04-09,"Tomatoes On the Vine, 24 oz",2.75,24 oz,N/A,Aldi
2025-04-09,"Sugar Snap Peas, 8 oz",2.65,8 oz,N/A,Aldi
2025-04-09,"Mini Sweet Peppers, 1 lb",3.25,1 lb,N/A,Aldi
2025-04-09,"Lemons, 2 lb",3.45,2 lb,N/A,Aldi
2025-04-09,"Organic Celery Hearts, each",2.55,1 each,N/A,Aldi
date,item_name,price,price_per_unit,sale_price,store
2025-04-09,"Cinnamon Raisin Bagels, 6 count",2.15,20 oz,N/A,Aldi
2025-04-09,"Raspberry Strip  Danish, 14 oz",2.89,14 oz,N/A,Aldi
2025-04-09,"Pre  Sliced Hot Dog Buns, 8 count",1.29,11 oz,N/A,Aldi
2025-04-09,"Casera Amarillas Tostadas, 12.8 oz",2.35,12.8 oz,N/A,Aldi
2025-04-09,"Flour Tortillas,  17.5 oz",1.99,17.5 oz,N/A,Aldi
2025-04-09,"Fajita Flour Tortillas, 20 count",1.75,23 oz,N/A,Aldi
2025-04-09,"Chocolate  Chunk Cookies, 14 oz",4.29,14 oz,N/A,Aldi
2025-04-09,"Low Sodium Sprouted 7 Grain Bread, 16 oz",4.09,16 oz,N/A,Aldi
2025-04-09,"Blueberry Bagels, 20 oz",2.15,20 oz,N/A,Aldi
2025-04-09,"Italian Bread Loaf, 16 oz",4.39,16 oz,N/A,Aldi
2025-04-09,"Artisanal Bread, 20 oz",3.15,20 oz,N/A,Aldi
2025-04-09,"Ready  to Bake Pizza Dough, 16 oz",1.35,16 oz,N/A,Aldi
2025-04-09,"Brioche  Hot Dog Buns, 9.52 oz",3.09,9.52 oz,N/A,Aldi
2025-04-09,"Original Naan Bread, 17.6 oz",4.59,17.6 oz,N/A,Aldi
2025-04-09,"Banana Nut Muffins, 4 count",4.35,14.1 oz,N/A,Aldi
2025-04-09,"Cheese Strip  Danish, 14 oz",2.89,14 oz,N/A,Aldi
2025-04-09,"Take  & Bake French Baguette, 12 oz",2.05,12 oz,N/A,Aldi
2025-04-09,"White Pita Bread, 12 oz",2.75,11 oz,N/A,Aldi
2025-04-09,"Mini Naan Bread, 12.7 oz",4.85,12.7 oz,N/A,Aldi
2025-04-09,"Plain  Sliced Brioche Loaf, 17.6 oz",5.05,17.6 oz,N/A,Aldi
2025-04-09,"100%  Whole Wheat Sandwich Skinnys, 12 oz",2.45,12 oz,N/A,Aldi
2025-04-09,"Multigrain  Sandwich Skinnys, 12 oz",2.45,12 oz,N/A,Aldi
2025-04-09,"Chocolate Chip Mini Muffins, 12 oz",3.85,12 oz,N/A,Aldi
2025-04-09,"Pre  Sliced Hamburger Buns, 8 count",1.29,11 oz,N/A,Aldi
2025-04-09,"Oatmeal  Cranberry Cookies, 14 oz",4.29,14 oz,N/A,Aldi
2025-04-09,"Split Top Wheat Bread, 20 oz",1.49,20 oz,N/A,Aldi
2025-04-09,"Pre-sliced Plain  Bagels, 6 count",2.15,20 oz,N/A,Aldi
2025-04-09,"Plain English Muffins, 6 count",1.65,12 oz,N/A,Aldi
2025-04-09,"Pre-Sliced Everything Bagels, 6 count",2.15,20 oz,N/A,Aldi
2025-04-09,"Parmesan Romano Garlic Bread, 10 oz",3.65,10 oz,N/A,Aldi
2025-04-09,"12 Grain Wide Pan Bread, 24 oz",2.75,24 oz,N/A,Aldi
2025-04-09,"Cinnamon  Sweet  Rolls, 8 counts",3.85,22 oz,N/A,Aldi
2025-04-09,"Honey Wheat  Bread, 20 oz",2.05,20 oz,N/A,Aldi
2025-04-09,"Italian Bread, 20 oz",2.05,20 oz,N/A,Aldi
2025-04-09,"100%  Whole Wheat Bread, 20 oz",2.15,20 oz,N/A,Aldi
2025-04-09,"Hawaiian Sweet  Rolls, 12 count",2.45,12 oz,N/A,Aldi
2025-04-09,"Lemon  Sliced Loaf Cake, 8 Count",4.39,14 oz,N/A,Aldi
2025-04-09,"Banana  Nut  Sliced Loaf Cake, 8 Count",4.39,14 oz,N/A,Aldi
2025-04-09,"White Bread,  20 oz",1.09,20 oz,N/A,Aldi
2025-04-09,"Apple  Lunchbox  Pie, 4 oz",0.89,4 oz,N/A,Aldi
2025-04-09,"Cherry  Lunchbox  Pie, 4 oz",0.89,4 oz,N/A,Aldi
2025-04-09,"Mini Croissants,  10 oz",3.19,10 oz,N/A,Aldi
2025-04-09,"100% Whole Wheat Wide Pan Bread, 24 oz",2.75,24 oz,N/A,Aldi
2025-04-09,"Garlic Herb Bread, 10 oz",3.65,10 oz,N/A,Aldi
2025-04-09,"Cinnamon Raisin Bread, 16 oz",2.75,16 oz,N/A,Aldi
2025-04-09,"Blueberry Muffins, 4 count",4.35,14.1 oz,N/A,Aldi
2025-04-09,"Chocolate Chip Muffins, 4 count",4.35,14.1 oz,N/A,Aldi
2025-04-09,"Blueberry Mini Muffins, 12 oz",3.85,12 oz,N/A,Aldi
2025-04-09,"Triple Chocolate  Creme Cake, 20 oz",5.19,20 oz,N/A,Aldi
2025-04-09,"Cinnamon Raisin Mini Bagels, 18 oz",2.75,18 oz,N/A,Aldi
2025-04-09,"Sprouted 7 Grain Bread, 16 oz",4.09,16 oz,N/A,Aldi
2025-04-09,"Sliced Sourdough  Round, 24 oz",3.65,24 oz,N/A,Aldi
2025-04-09,"Artisan Flatbread, 14.1 oz",4.39,14.1 oz,N/A,Aldi
2025-04-09,"Spinach Herb Wraps, 15 oz",2.09,15 oz,N/A,Aldi
2025-04-09,"Brioche Rolls, 16.9 oz",4.19,16.9 oz,N/A,Aldi
2025-04-09,"Sun-Dried Tomato Wraps, 15 oz",2.09,15 oz,N/A,Aldi
2025-04-09,"Center  Split Deli Rolls - 6 count, 15 oz",2.45,15 oz,N/A,Aldi
2025-04-09,"Chocolate  Chip Sliced Brioche Loaf, 1.1 lb",5.05,17.6 oz,N/A,Aldi
2025-04-09,"Cinnamon  Rolls with Icing, 8 count",1.79,8 ct,N/A,Aldi
2025-04-09,"Large Croissants, 10.5 oz",3.19,10.5 oz,N/A,Aldi
date,item_name,price,price_per_unit,sale_price,store
2025-04-09,"Organic Unrefined Coconut Oil, 14 fl oz",5.05,14 oz,N/A,Aldi
2025-04-09,"Parsley Flakes, 0.25 oz",0.95,0.25 oz,N/A,Aldi
2025-04-09,"Garlic Powder,  3.12 oz",0.95,3.12 oz,N/A,Aldi
2025-04-09,"Organic Whole Wheat Spaghetti, 1 lb",1.65,16 oz,N/A,Aldi
2025-04-09,"Brown Gravy Mix, 0.87 oz",0.49,0.87 oz,N/A,Aldi
2025-04-09,"Reduced  Sodium Taco Seasoning Mix, 1 oz",0.55,1 oz,N/A,Aldi
2025-04-09,"Roasted  Garlic Balsamic Vinaigrette Dressing, 12 fl oz",2.95,12 fl oz,N/A,Aldi
2025-04-09,"Ranch Salad Dressing and Seasoning Mix, 1 oz",0.55,1 oz,N/A,Aldi
2025-04-09,"Italian Salad Dressing and Seasoning Mix, 0.7 oz",0.55,0.7 oz,N/A,Aldi
2025-04-09,"Spaghetti,  32 oz",2.09,32 oz,N/A,Aldi
2025-04-09,"Organic Macaroni and Cheese, 6 oz",1.59,6 oz,N/A,Aldi
2025-04-09,"Organic Apple Cider Vinegar, 33.8 fl oz",5.49,33.8 fl oz,N/A,Aldi
2025-04-09,"Condensed Cream of Chicken Soup, 10.5 oz",0.75,10.5 oz,N/A,Aldi
2025-04-09,"Healthy Chunky Chicken Noodle Soup, 18.6 oz",1.65,18.6 oz,N/A,Aldi
2025-04-09,"Fat Free Beef Cooking Stock, 32 oz",1.45,32 oz,N/A,Aldi
2025-04-09,"Organic Garlic Powder, 2.5 oz",2.05,2.5 oz,N/A,Aldi
2025-04-09,"USDA  Organic Black Beans, 15 oz Can",1.09,15 oz,N/A,Aldi
2025-04-09,"German Style Sauerkraut, 24 oz",1.65,24 oz,N/A,Aldi
2025-04-09,"Mild Fresh  Cut Salsa, 16 oz",2.75,16 oz,N/A,Aldi
2025-04-09,"Medium  Fresh  Cut Salsa, 16 oz",2.75,16 oz,N/A,Aldi
2025-04-09,"Fat Free Vegetable Cooking Stock, 32 oz",1.45,32 oz,N/A,Aldi
2025-04-09,"New  Orleans Style Jambalaya Rice Mix, 8 oz",1.25,8 oz,N/A,Aldi
2025-04-09,"Pineapple Chunks in 100% Pineapple Juice, 20 oz Can",1.39,20 oz,N/A,Aldi
2025-04-09,"Pineapple  Slices, 20 oz Can",1.39,20 oz,N/A,Aldi
2025-04-09,"Dry Black Beans, 32 oz",2.99,32 oz,N/A,Aldi
2025-04-09,"Butter Flavored Pancake Syrup, 24 oz",2.59,24 fl oz,N/A,Aldi
2025-04-09,"Oregano Leaves, 0.75 oz",0.95,0.75 oz,N/A,Aldi
2025-04-09,"Organic Ground Cumin, 1.5 oz",2.05,1.5 oz,N/A,Aldi
2025-04-09,"Pure Olive Oil, 16.9 fl oz",6.45,16.9 fl oz,N/A,Aldi
2025-04-09,"Korma Curry Sauce, 15 oz",3.09,15 oz,N/A,Aldi
2025-04-09,"Cinnamon  Applesauce Cups, 6 count",2.19,6 x 4 oz,N/A,Aldi
2025-04-09,"Roasted Garlic  Alfredo Sauce, 15 oz",1.85,15 oz,N/A,Aldi
2025-04-09,"Italian Seasoning, 0.75 oz",0.95,0.75 oz,N/A,Aldi
2025-04-09,"Ground Cinnamon, 2.37 oz",0.95,2.37 oz,N/A,Aldi
2025-04-09,"Marshmallows, 10 oz",1.05,10 oz,N/A,Aldi
2025-04-09,"Organic Salted Butter, 16 oz",6.05,16 oz.,N/A,Aldi
2025-04-09,"Tomato  Ketchup, 38 oz",1.85,38 oz,N/A,Aldi
2025-04-09,"Distilled  White Vinegar, 32 fl oz",1.35,32 fl oz,N/A,Aldi
2025-04-09,"Organic  Beef Bone Broth, 32 oz",3.29,32 oz,N/A,Aldi
2025-04-09,"Distilled White Vinegar, 128 fl oz",3.55,128 fl oz,N/A,Aldi
2025-04-09,"Organic Ketchup, 20 oz",2.09,20 oz,N/A,Aldi
2025-04-09,"Strawberry & Orange Gel Cups, 4 count",1.25,4 x 3.25 oz,N/A,Aldi
2025-04-09,"Organic Chipotle Ranch Dressing, 12 fl oz",3.15,12 fl oz,N/A,Aldi
2025-04-09,"Organic Raspberry  Preserves, 11 oz",2.59,11 oz,N/A,Aldi
2025-04-09,"Steak Seasoning, 3.4 oz",0.95,3.4 oz,N/A,Aldi
2025-04-09,"Lemon Pepper Seasoning, 3.5 oz",0.95,3.5 oz,N/A,Aldi
2025-04-09,"Organic Cayenne Pepper, 1.62 oz",2.05,1.62 oz,N/A,Aldi
2025-04-09,"Table Blend Salt Free Seasoning Blend, 2.5 oz",2.95,2.5 oz,N/A,Aldi
2025-04-09,"Balsamic Vinegar of Modena, 16.9 fl oz",2.85,16.9 oz,N/A,Aldi
2025-04-09,"Baking Powder, 8.1 oz",2.15,8.1 oz,N/A,Aldi
2025-04-09,"Italian Style Breadcrumbs, 15 oz",1.99,15 oz,N/A,Aldi
2025-04-09,"Zesty  Italian Dressing, 16 fl oz",2.15,16 fl oz,N/A,Aldi
2025-04-09,"Thousand  Island Dressing, 16 fl oz",2.15,16 fl oz,N/A,Aldi
2025-04-09,"Light Mayonnaise, 30 fl oz",3.45,30 fl oz,N/A,Aldi
2025-04-09,"Mixed Fruit  in Blackcherry Gel Bowls, 4 count",2.09,4 x 4.3 oz,N/A,Aldi
2025-04-09,"Kosher Dill Pickle Spears, 32 fl oz",3.55,32 fl oz,N/A,Aldi
2025-04-09,"Plain Bread Crumbs, 15 oz",1.35,15 oz,N/A,Aldi
2025-04-09,"Pineapple Titbits Fruit Bowl in 100% Juice - 4 pack, 4 oz",1.95,4 x 4 oz,N/A,Aldi
2025-04-09,"Peach  Fruit Bowl in 100% Juice - 4 pack, 4 oz",1.95,4 x 4 oz,N/A,Aldi
2025-04-09,"Mac & Cheese Pesto Pasta, 6.5 oz",2.45,6.5 oz,N/A,Aldi
date,item_name,price,price_per_unit,sale_price,store
2025-04-09,"Beer  Bratwurst, 19 oz",3.89,19 oz,N/A,Aldi
2025-04-09,"Apple Maple Chicken Sausage, 8oz",2.59,8 oz,N/A,Aldi
2025-04-09,"Apple  Chicken Sausage, 4 count",3.19,12 oz,N/A,Aldi
2025-04-09,"Premium Pork  Sausage Roll, 16 oz",3.19,16 oz,N/A,Aldi
2025-04-09,"Mild Pork Italian Style Meatballs, 16 oz",3.59,16 oz,N/A,Aldi
2025-04-09,"Cracked  Pepper  Turkey Breast Tenderloins, 24 oz",6.85,24 oz,N/A,Aldi
2025-04-09,"Spinach  Feta Chicken Sausage, 12 oz",3.19,12 oz,N/A,Aldi
2025-04-09,"Mild  Italian Chicken Sausage, 12 oz",3.19,12 oz,N/A,Aldi
2025-04-09,"Tomato Basil Chicken  Sausage, 4 count",3.19,12 oz,N/A,Aldi
2025-04-09,"93% Lean Ground Turkey, 19.2 oz",4.95,19.2 oz,N/A,Aldi
2025-04-09,"Organic  Grass  Fed 85% Lean Ground Beef, 1 lb",5.29,1 lb,N/A,Aldi
2025-04-09,"Beef  Smoked   Sausage, 12 oz",3.09,12 oz,N/A,Aldi
2025-04-09,"Turkey Polska Kielbasa, 13 oz",3.09,13 oz,N/A,Aldi
2025-04-09,"Polska   Kielbasa , 14 oz",3.09,14 oz,N/A,Aldi
2025-04-09,"Ground Mild Italian  Sausage, 16 oz",3.49,16 oz,N/A,Aldi
2025-04-09,"Mild  Italian  Sausage Links, 19 oz",4.29,19 oz,N/A,Aldi
2025-04-09,"Bratwurst,  19 oz",3.89,19 oz,N/A,Aldi
2025-04-09,"Breakfast Chicken Sausage, 8 oz",2.59,8 oz,N/A,Aldi
2025-04-09,"Cocktail  Smokies Smoked Sausage, 14 oz",3.55,14 oz,N/A,Aldi
2025-04-09,"Maple  Breakfast  Sausage Links, 12 oz",1.99,12 oz,N/A,Aldi
2025-04-09,"Hot Italian Sausage  Links, 19 oz",3.89,19 oz,N/A,Aldi
2025-04-09,"Original  Breakfast Sausage Links, 12 oz",1.99,12 oz,N/A,Aldi
2025-04-09,"Rotisserie  Turkey  Tenderloin, 30 oz",6.85,24 oz,N/A,Aldi
2025-04-09,"Ground Lamb, 1 lb",5.85,1 lb,N/A,Aldi
2025-04-09,"Uncured Beer Bratwurst, 12.34 oz",4.49,12.34 oz,N/A,Aldi
2025-04-09,"Organic Extra Firm Tofu, 14 oz",1.49,14 oz,N/A,Aldi
2025-04-09,"Antibiotic Free Sliced Smoked Uncured Ham, per lb",9.43,avg. 2.1 lb/package,N/A,Aldi
2025-04-09,"Atlantic  Salmon Side, per lb",17.58,avg. 2 lb/package,N/A,Aldi
2025-04-09,Fresh 85% Lean 15% Fat Ground Beef,12.35,avg. 2.25 lb/package,N/A,Aldi
2025-04-09,"Fresh 99% Lean Ground Turkey, 16 oz",5.39,16 oz,N/A,Aldi
2025-04-09,"Mild Italian Sausage, 16 oz",4.75,16 oz,N/A,Aldi
2025-04-09,Salmon  with Mediterranean Herb,10.99,avg. 1 lb/package,N/A,Aldi
2025-04-09,Black Angus Beef Choice Boneless Cubed Steak,10.49,avg. 1.4 lb/package,N/A,Aldi
2025-04-09,"Antibiotic Free 80% Lean Ground Pork, 16 oz",3.29,16 oz,N/A,Aldi
2025-04-09,"Organic  Grass  Fed 93% Lean Ground Beef, 1 lb",6.59,1 lb,N/A,Aldi
2025-04-09,Marinated Pork Loin Filet - Lemon Garlic,5.38,avg. 1.8 lb/package,N/A,Aldi
2025-04-09,"Antibiotic Free Boneless Skinless Chicken Thighs, per lb",5.17,avg. 1.4 lb/package,N/A,Aldi
2025-04-09,Steelhead   Trout,10.49,avg. 1 lb/package,N/A,Aldi
2025-04-09,Antibiotic Free Chicken Breasts,7.86,avg. 1.75 lb/package,N/A,Aldi
2025-04-09,"Cheddar Brats,  14 oz",2.99,14 oz,N/A,Aldi
2025-04-09,Fresh  93% Lean 7% Fat Ground Beef,6.79,avg. 1 lb/package,N/A,Aldi
2025-04-09,Thin Sliced  Chicken Breasts,5.59,avg. 1.4 lb/package,N/A,Aldi
2025-04-09,"Fresh  80% Lean 20% Fat Ground Beef Patties, 4 count",6.64,avg. 1.33 lb/package,N/A,Aldi
2025-04-09,Black Angus  Beef Choice Boneless Ribeye Steak,11.92,avg. 0.925 lb/package,N/A,Aldi
2025-04-09,Boneless  Half Butt Pork Roast,11.44,avg. 3.96 lb/package,N/A,Aldi
2025-04-09,Carnitas  Seasoned  Boneless Pork Shoulder Roast,4.78,avg. 2 lb/package,N/A,Aldi
2025-04-09,"Mild Turkey Breakfast Sausage, 16 oz",3.49,16 oz,N/A,Aldi
2025-04-09,"Beef Shaved Steak, 14 oz",5.85,14 oz,N/A,Aldi
2025-04-09,Organic Thin Sliced Chicken Breast Fillets,8.11,avg. 1.25 lb/package,N/A,Aldi
2025-04-09,Thin Sliced Boneless Ribeye Steak,17.48,avg. 1.75 lb/package,N/A,Aldi
2025-04-09,Flat Cut  Corned Beef Brisket,14.67,avg. 3 lb/package,N/A,Aldi
2025-04-09,BBQ  Seasoned  Boneless Pork Shoulder Roast,5.98,avg. 2.5 lb/package,N/A,Aldi
2025-04-09,Antibiotic Free Chicken Tenderloins,5.49,avg. 1 lb/package,N/A,Aldi
2025-04-09,"Organic Chicken Breasts, per lb",5.79,avg. 1 lb/package,N/A,Aldi
2025-04-09,Premium Thin Cut Boneless Center Cut Pork Chops,6.36,avg. 1.385 lb/package,N/A,Aldi
2025-04-09,Premium Pork Boneless Country Style Ribs,7.39,avg. 1.9 lb/package,N/A,Aldi
2025-04-09,Teriyaki Marinated Pork Tenderloin,4.74,avg. 1.25 lb/package,N/A,Aldi
2025-04-09,Peppercorn Marinated Pork Tenderloin,4.74,avg. 1.25 lb/package,N/A,Aldi
2025-04-09,Turkey Franks,2.75,16 oz,N/A,Aldi
2025-04-09,USDA Choice Black Angus Beef Country Style Ribs,11.19,avg. 1.4 lb/package,N/A,Aldi
date,item_name,price,price_per_unit,sale_price,store
2025-04-09,"Plain Whole Milk Greek Yogurt, 32 oz",4.15,32 oz,N/A,Aldi
2025-04-09,"Nonfat  Plain Greek Yogurt, 32 oz",3.69,32 oz,N/A,Aldi
2025-04-09,"Sharp Cheddar Cheese Spread, 6.5 oz",2.49,6.5 oz,N/A,Aldi
2025-04-09,"Peppercorn Parmesan Cheese Spread, 6.5 oz",2.49,6.5 oz,N/A,Aldi
2025-04-09,"Nonfat Vanilla Yogurt, 32 oz",2.75,32 oz,N/A,Aldi
2025-04-09,"Low-fat Strawberry Yogurt, 6 oz",0.65,6 oz,N/A,Aldi
2025-04-09,"Nonfat Vanilla Yogurt, 6 oz",0.65,6 oz,N/A,Aldi
2025-04-09,"Nonfat Plain Yogurt, 32 oz",2.75,32 oz,N/A,Aldi
2025-04-09,"Organic Salted Butter, 16 oz",6.05,16 oz.,N/A,Aldi
2025-04-09,"Asiago Cheese Wedge, 8 oz",4.79,8 oz,N/A,Aldi
2025-04-09,"Vegan Mozzarella Style Shreds, 8 oz",3.55,8 oz,N/A,Aldi
2025-04-09,"Traditional Feta Cheese Block, 8 oz",3.65,8 oz,N/A,Aldi
2025-04-09,"Specialty Shredded Gouda Cheese, 8 oz",3.19,8 oz,N/A,Aldi
2025-04-09,"Organic Whole Milk, 64 fl oz",4.29,64 fl oz,N/A,Aldi
2025-04-09,"Fresh Mozzarella Pre-Sliced Log, 8 oz",3.45,8 oz,N/A,Aldi
2025-04-09,"Cage  Free Large Eggs - Grade A, 1 dozen",4.95,12 ct,N/A,Aldi
2025-04-09,"Organic Original Unsweetened Almondmilk, 64 fl oz",3.59,64 fl oz,N/A,Aldi
2025-04-09,"Aged  Reserve White Cheddar Cheese, 10 oz",2.49,10 oz,N/A,Aldi
2025-04-09,"Lactose Free Fat Free Milk, 64 fl oz",3.05,64 fl oz,N/A,Aldi
2025-04-09,"Organic Whole Omega-3 Milk, 64 fl oz",4.75,64 fl oz,N/A,Aldi
2025-04-09,"Sugar Free French Vanilla Coffee Creamer, 32 fl oz",2.99,32 fl oz,N/A,Aldi
2025-04-09,"Mocha  Iced Coffee, 64 fl oz",4.15,64 fl oz,N/A,Aldi
2025-04-09,"Vanilla Almondmilk, 64 fl oz",2.45,64 fl oz,N/A,Aldi
2025-04-09,"Spreadable Irish  Butter with Canola Oil, 7.5 oz",3.49,7.5 oz,N/A,Aldi
2025-04-09,"Plain Havarti Cheese, 8 oz",2.79,8 oz,N/A,Aldi
2025-04-09,"Grated Parmesan and Romano Cheese, 8 oz",3.25,8 oz,N/A,Aldi
2025-04-09,"Shredded Mild  Cheddar Cheese, 16 oz",4.05,16 oz,N/A,Aldi
2025-04-09,"Deli  Sliced Medium Cheddar Cheese, 8 oz",1.85,8 oz,N/A,Aldi
2025-04-09,"Honey Vanilla Indulgent Greek Yogurt, 32 oz",4.15,32 oz,N/A,Aldi
2025-04-09,"Free  Range Large Brown Grade A Eggs, 12 count",5.95,12 ct,N/A,Aldi
2025-04-09,"Organic Whole Milk Plain Yogurt, 32 oz",4.09,32 oz,N/A,Aldi
2025-04-09,"Organic Whole Milk Vanilla Yogurt, 32 oz",4.09,32 oz,N/A,Aldi
2025-04-09,"French Vanilla Coffee Creamer, 32 fl oz",2.99,32 fl oz,N/A,Aldi
2025-04-09,"Whipped Dairy Topping, 13 oz",3.29,13 oz,N/A,Aldi
2025-04-09,"Original  Organic Soymilk, 64 fl oz",2.75,64 fl oz,N/A,Aldi
2025-04-09,"Lowfat Cherry Yogurt, 6 oz",0.65,6 oz,N/A,Aldi
2025-04-09,"Lowfat Blueberry Yogurt, 6 oz",0.65,6 oz,N/A,Aldi
2025-04-09,"Lowfat Raspberry Yogurt, 6 oz",0.65,6 oz,N/A,Aldi
2025-04-09,"Mozzarella  Cheese Block, 8 oz",2.09,8 oz,N/A,Aldi
2025-04-09,"Fresh Mozzarella Ball, 8 oz",3.45,8 oz,N/A,Aldi
2025-04-09,"Fat Free Half & Half, 1 qt",2.95,32 fl oz,N/A,Aldi
2025-04-09,"Half & Half Creamer, 32 fl oz",2.95,32 fl oz,N/A,Aldi
2025-04-09,"Mild Cheddar Cheese Cubes, 8 oz",2.19,8 oz,N/A,Aldi
2025-04-09,"Whipped  Cream  Cheese Spread, 8 oz",1.69,8 oz,N/A,Aldi
2025-04-09,"Low-fat Strawberry Banana Yogurt, 6 oz",0.65,6 oz,N/A,Aldi
2025-04-09,"Lowfat Peach Yogurt, 6 oz",0.65,6 oz,N/A,Aldi
2025-04-09,"Garlic and Herb Goat Cheese Log, 4 oz",2.09,4 oz,N/A,Aldi
2025-04-09,"Le Gruyere Cheese, 6 oz",5.85,6 oz,N/A,Aldi
2025-04-09,"Brie Cheese Round, 8 oz",3.75,8 oz,N/A,Aldi
2025-04-09,"Wisconsin Extra Sharp Cheddar Cheese Block, 8 oz",2.09,8 oz,N/A,Aldi
2025-04-09,"Cranberry Cinnamon Flavored Goat Cheese Log, 6 oz",3.25,6 oz,N/A,Aldi
2025-04-09,"Light Sour Cream, 16 oz",2.05,16 oz,N/A,Aldi
2025-04-09,"2% Milk Reduced Fat American Cheese Singles, 16 count",2.05,10.67 oz,N/A,Aldi
2025-04-09,"Garden  Vegetable with Sweet Basil Semi-Soft Hand Crafted Cheese, 8 oz",3.29,8 oz,N/A,Aldi
2025-04-09,"2% Lactose Free Milk, 64 fl oz",3.05,64 fl oz,N/A,Aldi
2025-04-09,"1% Milk, 64 fl oz",1.69,0.5 gal,N/A,Aldi
2025-04-09,"Sharp  Cheddar Cheese Block, 8 oz",2.09,8 oz,N/A,Aldi
2025-04-09,"New York Sharp Cheddar Cheese Block, 8 oz",2.09,8 oz,N/A,Aldi
2025-04-09,"Deli  Sliced Pepper Jack Cheese, 7.5 oz",2.05,7.5 oz,N/A,Aldi
2025-04-09,"Deli  Sliced  Muenster Cheese, 8 oz",2.05,8 oz,N/A,Aldi
date,item_name,price,price_per_unit,sale_price,store
2025-04-09,"Wild Caught Frozen Pink Salmon, 16 oz",5.85,16 oz,N/A,Aldi
2025-04-09,"Italian  Meatballs, 32 oz",7.15,32 oz,N/A,Aldi
2025-04-09,"Medium Cooked in Shell Shrimp, 12 oz",6.05,12 oz,N/A,Aldi
2025-04-09,"Large Cooked Shrimp, 12 oz",6.79,12 oz,N/A,Aldi
2025-04-09,"Value Pack Cod Fillets, 32 oz",10.95,32 oz,N/A,Aldi
2025-04-09,"Flounder Fillets, 16 oz",4.65,16 oz,N/A,Aldi
2025-04-09,"Steamable Frozen Asparagus Spears, 8 oz",2.75,8 oz,N/A,Aldi
2025-04-09,"Mint Chocolate Chip Ice Cream, 48 fl oz",3.25,48 fl oz,N/A,Aldi
2025-04-09,"Chicken Breast  Nuggets, 29 oz",5.29,29 oz,N/A,Aldi
2025-04-09,"Frozen Steam Cut Green Beans, 12 oz",1.09,12 oz,N/A,Aldi
2025-04-09,"Steamable Frozen Mixed Vegetable, 12 oz",1.05,12 oz,N/A,Aldi
2025-04-09,"Steamable Frozen Sweet Garden Peas, 12 oz",0.97,12 oz,N/A,Aldi
2025-04-09,"Jumbo EZ Peel Raw Shrimp, 12 oz",7.25,12 oz,N/A,Aldi
2025-04-09,"Jumbo Cooked Shrimp, 12 oz",6.85,12 oz,N/A,Aldi
2025-04-09,"Gluten  Free Gen Tso's Chicken, 22 oz",7.49,22 oz,N/A,Aldi
2025-04-09,"Cauliflower Crust 3 Cheese Pizza, 11.64 oz",6.05,11.64 oz,N/A,Aldi
2025-04-09,"Tilapia Fillets, 16 oz",5.89,16 oz,N/A,Aldi
2025-04-09,"Value Pack Tilapia Fillets, 32 oz",7.49,32 oz,N/A,Aldi
2025-04-09,"Beer Battered Cod Fillets, 13.1 oz",3.99,13.1 oz,N/A,Aldi
2025-04-09,"Chicken Fries,  24 oz",4.95,24 oz,N/A,Aldi
2025-04-09,"Buffalo  Crispy Chicken Strips, 25 oz",6.99,25 oz,N/A,Aldi
2025-04-09,"Jumbo  Breaded Butterfly Shrimp, 9 oz",3.09,9 oz,N/A,Aldi
2025-04-09,"Frozen  Plain Riced Cauliflower, 12 oz",1.75,12 oz,N/A,Aldi
2025-04-09,"Southwest Chicken Quinoa Bowl, 10.5 oz",3.75,10.5 oz,N/A,Aldi
2025-04-09,"Mediterranean Chicken Quinoa Bowl, 10.5 oz",3.75,10.5 oz,N/A,Aldi
2025-04-09,"New  York Cheesecake Twin Pack, 6 oz",2.09,6 oz,N/A,Aldi
2025-04-09,"Vanilla Ice  Cream, 1 gal",7.45,128 fl oz,N/A,Aldi
2025-04-09,"Vegan Zesty Italian Meatless Meatballs, 16 oz",3.85,16 oz,N/A,Aldi
2025-04-09,"Sausage, Egg and Cheese Biscuit Sandwiches, 4 count",5.05,17.2 oz,N/A,Aldi
2025-04-09,"Alfredo  Chicken Skillet, 21 oz",4.65,21 oz,N/A,Aldi
2025-04-09,"Mussels in Garlic Butter Sauce, 16 oz",2.45,16 oz,N/A,Aldi
2025-04-09,"Mussels in Tomato Garlic Sauce, 16 oz",2.45,16 oz,N/A,Aldi
2025-04-09,"Frozen  Blueberries, 24 oz",4.05,24 oz,N/A,Aldi
2025-04-09,"Cauliflower Crust Pizza Margherita, 11.64 oz",6.05,11.64 oz,N/A,Aldi
2025-04-09,"Value Pack Wild Caught Pink Salmon, 32 oz",8.05,32 oz,N/A,Aldi
2025-04-09,"General Tso's Chicken, 26 oz",8.05,26 oz,N/A,Aldi
2025-04-09,"Canadian Bacon, Egg and Cheese Muffin Sandwiches, 4 count",5.05,17.2 oz,N/A,Aldi
2025-04-09,"Meat Lovers Breakfast Bowl, 7 oz",2.05,7 oz,N/A,Aldi
2025-04-09,"Garlic Riced  Cauliflower, 12 oz",1.75,12 oz,N/A,Aldi
2025-04-09,"Jumbo Coconut Breaded Butterfly Shrimp, 9 oz",3.09,9 oz,N/A,Aldi
2025-04-09,"Boardwalk Style Hand Made Crab Cakes, 2 count",5.49,6 oz,N/A,Aldi
2025-04-09,"Medium  EZ Peel Raw Shrimp, 12 oz",5.39,12 oz,N/A,Aldi
2025-04-09,"Frozen Shredded Hash Browns, 30 oz",3.95,30 oz,N/A,Aldi
2025-04-09,"Steamable  Frozen Brussels Sprouts, 12 oz",1.39,12 oz,N/A,Aldi
2025-04-09,"Chocolate Creme Pie, 25.5 oz",4.65,25.5 oz,N/A,Aldi
2025-04-09,"Bean and Cheese Burritos, 8 count",4.19,32 oz,N/A,Aldi
2025-04-09,"Asian Inspirations  Chicken Lo Mein, 20 oz",6.05,20 oz,N/A,Aldi
2025-04-09,"Sausage, Egg and Cheese Croissant Breakfast Sandwich, 18 oz",5.45,18 oz,N/A,Aldi
2025-04-09,"Crunchy Fish Fillets, 19 oz",4.65,19 oz,N/A,Aldi
2025-04-09,"Original  Meatballs, 32 oz",7.15,32 oz,N/A,Aldi
2025-04-09,"Wild Caught Breaded Fish Sticks, 24 oz",4.65,24 oz,N/A,Aldi
2025-04-09,"Moose  Tracks Ice Cream, 48 oz",3.25,48 fl oz,N/A,Aldi
2025-04-09,"Pre-Cooked  Original Sausage Patties, 32 oz",8.99,32 oz,N/A,Aldi
2025-04-09,"Seasoned French Fries,  32 oz",2.55,32 oz,N/A,Aldi
2025-04-09,"French  Bread Pepperoni Pizza, 2 count",3.09,11.25 oz,N/A,Aldi
2025-04-09,"Grilled Chicken  Breast Strips, 22 oz",6.95,22 oz,N/A,Aldi
2025-04-09,"Breaded Chicken Fillets, 24 oz",7.15,24 oz,N/A,Aldi
2025-04-09,"Strawberry  Ice Cream, 48 oz",3.25,48 fl oz,N/A,Aldi
2025-04-09,"Strawberry  Frozen Fruit Bars, 4 count",2.65,4 ct,N/A,Aldi
2025-04-09,"Crispy  Chicken  Strips, 25 oz",6.95,25 oz,N/A,Aldi
date,item_name,price,price_per_unit,sale_price,store
2025-04-09,"Blueberry  Breakfast Biscuits, 8.8 oz",3.65,8.8 oz,N/A,Aldi
2025-04-09,"Crispy Rice Cereal, 12 oz",1.99,12 oz,N/A,Aldi
2025-04-09,"Honey Graham Squares, 12 oz",2.49,12 oz,N/A,Aldi
2025-04-09,"Vitality Cereal Vanilla Almond, 12.4 oz",2.75,12.4 oz,N/A,Aldi
2025-04-09,"Double  Chocolate Protein Meal Bars, 6 count",6.25,6 ct,N/A,Aldi
2025-04-09,"Organic Oats and Flax Instant Oatmeal Packets, 8 count",2.75,11.29 oz,N/A,Aldi
2025-04-09,"Quick Oats, 42 oz",4.19,42 oz,N/A,Aldi
2025-04-09,"Strawberry Protein Meal Bar, 6 count",6.25,6 ct,N/A,Aldi
2025-04-09,"Organic  Pumpkin Seed & Flax Granola Cereal, 11.5 oz",2.65,11.5 oz,N/A,Aldi
2025-04-09,"Honey Crunch 'n Oats with Almonds Cereal, 18 oz",2.95,18 oz,N/A,Aldi
2025-04-09,"Crispy Oats Cereal, 12 oz",1.85,12 oz,N/A,Aldi
2025-04-09,"Chocolate Puffs, 11.8 oz",2.15,11.8 oz,N/A,Aldi
2025-04-09,"Cherry Fruit and Grain Cereal Bars, 8 count",2.05,8 ct,N/A,Aldi
2025-04-09,"Bran Flakes, 18 oz",2.75,18 oz,N/A,Aldi
2025-04-09,"Family Size Frosted Flakes, 26.8 oz",3.85,26.8 oz,N/A,Aldi
2025-04-09,"Organic  Coconut Chia Granola Cereal, 12.3 oz",2.65,12.3 oz,N/A,Aldi
2025-04-09,"Whole Grain Oats, Almonds and Honey Crunchy Granola, 14 oz",2.65,14 oz,N/A,Aldi
2025-04-09,"Peanut Sweet and Salty Nut Granola Bars, 6 count",1.95,6 ct,N/A,Aldi
2025-04-09,"Maple and Brown Sugar Instant Oatmeal, 10 count",1.95,15.1 oz,N/A,Aldi
2025-04-09,"Almond Sweet and Salty Nut Granola Bars, 6 count",1.95,6 ct,N/A,Aldi
2025-04-09,"Apple Pie Pure and Simple Fruit and Nut Bars, 5 count",5.05,5 ct,N/A,Aldi
2025-04-09,"Strawberry Fruit & Grain Cereal Bars, 8 count",2.05,8 ea,N/A,Aldi
2025-04-09,"Gluten Free Rice Squares Cereal, 12.8 oz",2.95,12.8 oz,N/A,Aldi
2025-04-09,"Vitality Cereal with Red Berries, 11.2 oz",2.75,11.2 oz,N/A,Aldi
2025-04-09,"Fruit  Rounds Cereal, 12.2 oz",1.85,12.2 oz,N/A,Aldi
2025-04-09,"Oats 'n Honey Protein Crunchy Granola, 11 oz",2.75,11 oz,N/A,Aldi
2025-04-09,"Blueberry Fruit & Grain Cereal Bars, 8 count",2.05,8 ea,N/A,Aldi
2025-04-09,"Fruit  and Nut Trail Mix Chewy Granola Bars, 6 count",2.05,N/A,N/A,Aldi
2025-04-09,"Peanut Butter Cookie Pure and Simple Fruit and Nut Bars, 5 count",5.05,5 ct,N/A,Aldi
2025-04-09,"Corn Flakes Cereal, 18 oz",2.45,18 oz,N/A,Aldi
2025-04-09,"Gluten Free Corn Squares Cereal, 14 oz",2.95,14 oz,N/A,Aldi
2025-04-09,"Organic Oats & Honey Granola, 12 oz",4.09,12 oz,N/A,Aldi
2025-04-09,"Organic Cinnamon Raisin Granola, 12 oz",4.09,12 oz,N/A,Aldi
2025-04-09,"Oats 'n Dark Chocolate Protein Crunchy Granola, 11 oz",2.75,11 oz,N/A,Aldi
2025-04-09,"Cranberries and Almonds Protein Crunchy Granola, 11 oz",2.75,11 oz,N/A,Aldi
2025-04-09,"Peanut  Butter Chewy Dipped Granola Bars, 6 count",1.95,6 ct,N/A,Aldi
2025-04-09,"Raspberry Fruit and Grain Cereal Bars, 8 count",2.05,8 ct,N/A,Aldi
2025-04-09,"Organic Apple Cinnamon Instant Oatmeal Packets, 8 count",2.75,11.29 oz,N/A,Aldi
2025-04-09,"Honey Crunch 'n Oats Original Cereal, 18 oz",2.95,N/A,N/A,Aldi
2025-04-09,"Chocolate  Peanut Butter Protein Meal Bars, 6 count",6.25,6 ct,N/A,Aldi
2025-04-09,"Marshmallow and Stars Cereal, 11.5 oz",2.15,11.5 oz,N/A,Aldi
2025-04-09,"Variety Pack Instant Oatmeal, 10 count",1.95,13.5 oz,N/A,Aldi
2025-04-09,"Mixed Berry Fruit and Grain Cereal Bars, 8 count",2.05,8 ct,N/A,Aldi
2025-04-09,"Old  Fashioned Rolled Oats, 42 oz",4.19,42 oz,N/A,Aldi
2025-04-09,"Frosted Bite Size Shredded Wheat, 18 oz",2.35,18 oz,N/A,Aldi
2025-04-09,"Blueberry Frosted Shredded Wheat Cereal, 16 oz",2.45,16 oz,N/A,Aldi
2025-04-09,"Crunchy Granola Raisin Bran Crunch, 18.2 oz",2.99,18.2 oz,N/A,Aldi
2025-04-09,"Kookies Cereal, 11.25 oz",2.65,11.25 oz,N/A,Aldi
2025-04-09,"Cocoa Peanut Butter Puffs Cereal, 13 oz",2.65,13 oz,N/A,Aldi
2025-04-09,"Apple  Cinnamon Fruit and Grain Cereal Bars, 8 count",2.05,8 ea,N/A,Aldi
2025-04-09,"Chocolate Fudge Toaster Tarts, 12 count",2.15,12 ct,N/A,Aldi
2025-04-09,"Berry Kids Krunch Cereal, 13 oz",3.19,13 oz,N/A,Aldi
2025-04-09,"Cinnamon  Breakfast Biscuits, 8.8 oz",3.65,8.8 oz,N/A,Aldi
2025-04-09,"Caramel Double Chocolate Crunch Advance Snack Bars, 5 count",5.85,5 ct,N/A,Aldi
2025-04-09,"Strawberry Frosted Shredded Wheat Cereal, 16.3 oz",2.45,16.3 oz,N/A,Aldi
2025-04-09,"Dark Chocolate Sea Salt Super Foods Gluten Free Granola, 11 oz",3.95,11 oz,N/A,Aldi
2025-04-09,"Cinnamon Granola Crunch, 16 oz",4.09,16 oz,N/A,Aldi
2025-04-09,"Oats and Honey Granola Crunch, 16 oz",4.09,16 oz,N/A,Aldi
2025-04-09,"Frosted Strawberry  Pop Tarts Toaster Pastries, 12 count",4.35,12 ct,N/A,Aldi
2025-04-09,"Kids Fruit and Grain Apple Cinnamon Mini Bars, 10 count",4.39,10 ct,N/A,Aldi
date,item_name,price,price_per_unit,sale_price,store
2025-04-09,"Original  Kettle Chips, 8 oz",2.05,8 oz,N/A,Aldi
2025-04-09,"Blueberry  Breakfast Biscuits, 8.8 oz",3.65,8.8 oz,N/A,Aldi
2025-04-09,"Chocolate Chip Cookies, 13 oz",2.55,13 oz,N/A,Aldi
2025-04-09,"Milk Chocolate Butter Cookies, 4.41 oz",1.99,4.41 oz,N/A,Aldi
2025-04-09,"Retreat Trail Mix, 15 oz",5.29,15 oz,N/A,Aldi
2025-04-09,"Sweet & Salty Trail Mix, 8 count",3.65,8 ct,N/A,Aldi
2025-04-09,"Milk Mini Chocolate Bars, 5 count",2.35,5 x 1.4 oz.,N/A,Aldi
2025-04-09,"Organic  Blue Corn Tortilla Chips, 8.25 oz",2.05,8.25 oz,N/A,Aldi
2025-04-09,"White Cheddar  Cheese Popcorn, 8.5 oz",2.65,8.5 oz,N/A,Aldi
2025-04-09,"Mini  Bear Chocolate Grahams Snack Packs, 12 oz",3.69,12 oz,N/A,Aldi
2025-04-09,"Organic  Multigrain Tortilla Chips, 8.25 oz",2.05,8.25 oz,N/A,Aldi
2025-04-09,"California Raisins, 20 oz",4.69,20 oz,N/A,Aldi
2025-04-09,"Pretzel Mini  Twists, 1 lb",1.95,16 oz,N/A,Aldi
2025-04-09,"Mesquite Barbecue Kettle Chips, 8 oz",2.05,8 oz,N/A,Aldi
2025-04-09,"Jalapeño  Kettle Chips, 8 oz",2.05,8 oz,N/A,Aldi
2025-04-09,"Sea Salt and Vinegar Kettle Chips, 8 oz",2.05,8 oz,N/A,Aldi
2025-04-09,"Dry  Roasted Unsalted Peanuts, 16 oz",2.55,16 oz,N/A,Aldi
2025-04-09,"Mountain Trail  Mix, 26 oz",6.55,26 oz,N/A,Aldi
2025-04-09,"Tropical Trail Mix, 26 oz",6.55,26 oz,N/A,Aldi
2025-04-09,"Wavy Potato  Chips, 10 oz",2.09,10 oz,N/A,Aldi
2025-04-09,"Barbecue  Potato Chips, 9.5 oz",2.09,9.5 oz,N/A,Aldi
2025-04-09,"Restaurant  Style  Tortilla Chips, 13 oz",2.09,13 oz,N/A,Aldi
2025-04-09,"Original  Baked Potato Crisps, 6.25 oz",2.65,6.25 oz,N/A,Aldi
2025-04-09,"Shelled  Walnuts, 16 oz",6.59,16 oz,N/A,Aldi
2025-04-09,"Butter Entertainment Crackers, 7 oz",1.69,7 oz,N/A,Aldi
2025-04-09,"Mini  Bear Honey Grahams Snack Packs, 12 oz",3.69,12 oz,N/A,Aldi
2025-04-09,"Indulgent Trail  Mix, 26 oz",6.55,26 oz,N/A,Aldi
2025-04-09,"Saltine Crackers, 16 oz",1.85,16 oz,N/A,Aldi
2025-04-09,"Double Filled Chocolate Sandwich Creme Cookies, 15.35 oz",2.75,15.35 oz,N/A,Aldi
2025-04-09,"Dark Chocolate Coconut Covered Almonds, 10 oz",6.05,10 oz,N/A,Aldi
2025-04-09,"Sour Cream and Onion Stackerz Potato Crisps, 5.5 oz",1.65,5.5 oz,N/A,Aldi
2025-04-09,"Unsalted Whole Almonds, 14 oz",5.45,14 oz,N/A,Aldi
2025-04-09,"Wasabi Soy Flavored Almonds, 14 oz",5.45,14 oz,N/A,Aldi
2025-04-09,"Organic Peppered Beef Jerky, 2.5 oz",3.55,2.5 oz,N/A,Aldi
2025-04-09,"Superberry Pomegranate Dark Chocolate, 7 oz",4.39,7 oz,N/A,Aldi
2025-04-09,"Deluxe Mixed  Nuts with Sea Salt, 30 oz",14.29,30 oz,N/A,Aldi
2025-04-09,"Dark Mini Chocolate Bars - 5 pack, 1.4 oz",2.35,"5 x 1.4 oz,",N/A,Aldi
2025-04-09,"Strawberry Yogurt Filled Mini Chocolate Bars, 7.05 oz",3.29,7.05 oz,N/A,Aldi
2025-04-09,"European Dark Chocolate Bar with Whole Roasted Hazelnuts, 7.05 oz",3.29,7.05 oz,N/A,Aldi
2025-04-09,"Milk Hazelnut Crisp Filled Mini Chocolate Bars, 7.05 oz",3.29,7.05 oz,N/A,Aldi
2025-04-09,"Dark Chili Chocolate Bar, 4.4 oz",2.65,4.4 oz,N/A,Aldi
2025-04-09,"Hazelnut Crunch Mini Chocolate Bars - 5 pack, 1.4 oz",2.35,5 x 1.4 oz.,N/A,Aldi
2025-04-09,"Dark Chocolate Sea Salt Bar, 4.4 oz",2.65,4.4 oz.,N/A,Aldi
2025-04-09,"Milk Creme Filled Mini Chocolate Bars, 7.05 oz",3.29,7.05 oz,N/A,Aldi
2025-04-09,"Toffee Crunch Chocolate Bar, 4.4 oz",2.65,4.4 oz.,N/A,Aldi
2025-04-09,"Chia  Seeds, 12 oz",4.35,12 oz,N/A,Aldi
2025-04-09,"Chewy Caramel, 8.1 oz",3.65,8.098 oz,N/A,Aldi
2025-04-09,"Dark Sea Salt Caramel Chocolate Bar, 4.4 oz",2.65,4.4 oz.,N/A,Aldi
2025-04-09,"Dark Mint Chocolate Bar, 4.4 oz",2.65,4.4 oz.,N/A,Aldi
2025-04-09,"Milk Extra Creamy Chocolate Bar, 4.4 oz",2.65,4.4 oz,N/A,Aldi
2025-04-09,"Dark Orange and Almond Chocolate Bar, 4.4 oz",2.65,4.4 oz,N/A,Aldi
2025-04-09,"Dark Chocolate 85% Cocoa Chocolate Bar, 4.4 oz",2.65,4.4 oz,N/A,Aldi
2025-04-09,"Raisin & Nut Chocolate Bar, 7.05 oz",3.29,7.05 oz,N/A,Aldi
2025-04-09,Crispy Milk Hazelnut Chocolate Wafer Snacks - 5 pack,3.25,5 x 0.88 oz,N/A,Aldi
2025-04-09,"Deluxe Whole  Cashews with Sea Salt, 30 oz",12.09,N/A,N/A,Aldi
2025-04-09,"Cashew Halves and Pieces with Sea Salt, 14 oz",5.39,14 oz,N/A,Aldi
2025-04-09,"Brown  Whole Flax Seed, 16 oz",3.85,16 oz,N/A,Aldi
2025-04-09,"Dried  Mediterranean Apricots, 6 oz",2.25,6 oz,N/A,Aldi
2025-04-09,"Sugar Free Arctic Blast Gum, 60 count",2.19,60 ct,N/A,Aldi
2025-04-09,"Shelled Pistachios Roasted with Sea Salt, 6 oz",4.09,6 oz,N/A,Aldi
date,item_name,price,price_per_unit,sale_price,store
2025-04-09,"French Dark Roast Coffee Pods, 12 count",4.05,12 ct,N/A,Aldi
2025-04-09,"Fair  Trade Organic Guatemalan Light Roast Coffee Pods, 12 count",5.19,12 ct,N/A,Aldi
2025-04-09,"100% Pure Squeezed Orange Juice with Pulp, 52 fl oz",3.55,52 fl oz,N/A,Aldi
2025-04-09,"Premium Orange Juice Not From Concentrate, 52 fl oz",3.55,52 fl oz,N/A,Aldi
2025-04-09,"Classic  Roast Medium Ground Coffee, 30.5 oz",8.69,30.5 oz,N/A,Aldi
2025-04-09,"Mango Tropical Flavored Water, 33.8 fl oz",0.89,33.8 fl oz,N/A,Aldi
2025-04-09,"Cranberry Flavored Water, 33.8 fl oz",0.89,33.8 fl oz,N/A,Aldi
2025-04-09,"Organic Apple Juice Boxes - 8 pack, 6.75 fl oz box",3.45,8 x 6.75 fl oz,N/A,Aldi
2025-04-09,"Cherry Limeade Sparkling Frost Water, 17 fl oz",0.65,17 fl oz,N/A,Aldi
2025-04-09,"Organic 100% Antioxidant Power Juice, 33.8 fl oz",3.55,33.8 fl oz,N/A,Aldi
2025-04-09,"English Breakfast Tea, 20 counts",1.89,20 ct,N/A,Aldi
2025-04-09,"100%  Colombian Medium Dark Ground Coffee, 24.2 oz",10.89,24.2 oz,N/A,Aldi
2025-04-09,"Pink Grapefruit Sparkling Flavored Frost Water, 17 fl oz",0.65,17 fl oz,N/A,Aldi
2025-04-09,"100% Lemon Juice, 32 fl oz",1.99,32 fl oz,N/A,Aldi
2025-04-09,"Fair Trade Single Origin Colombia Medium Roast Ground Coffee, 12 oz",5.19,12 oz,N/A,Aldi
2025-04-09,"Fair Trade Single Origin Guatemala Medium Roast Ground Coffee, 12 oz",5.19,12 oz,N/A,Aldi
2025-04-09,"Splash  Berry Blend Juice Cocktail, 64 fl oz",2.09,64 fl oz,N/A,Aldi
2025-04-09,"100% Lime Juice, 32 fl oz",1.99,32 fl oz,N/A,Aldi
2025-04-09,"Mocha  Iced Coffee, 64 fl oz",4.15,64 fl oz,N/A,Aldi
2025-04-09,"Lime Belle Vie Sparkling Flavored Water - 12 pack, 12 fl oz",3.65,12 x 12 fl oz,N/A,Aldi
2025-04-09,"Cranberry Juice Cocktail, 64 fl oz",2.75,64 fl oz,N/A,Aldi
2025-04-09,"Cola, 12-Pack, 12 fl oz Soda Cans",3.35,12 x 12 fl oz,N/A,Aldi
2025-04-09,"Fruit  Punch Liquid Water Enhancer - 24 pack, 1.62 fl oz",1.99,1.62 fl oz,N/A,Aldi
2025-04-09,"Key Lime Sparkling Flavored Water, 33.8 fl oz",0.55,33.8 fl oz,N/A,Aldi
2025-04-09,"100% Fruit Punch Juice Boxes - 8 pack, 6.75 fl oz",3.09,8 x 6.75 fl oz,N/A,Aldi
2025-04-09,"100% Mango Tangerine Juice, 64 fl oz",3.19,64 fl oz,N/A,Aldi
2025-04-09,"100% Apple Juice Boxes - 8 pack, 6.75 fl oz",3.09,8 x 6.75 fl oz,N/A,Aldi
2025-04-09,"Premium Orange Juice No Pulp, 52 fl oz",3.55,52 fl oz,N/A,Aldi
2025-04-09,"Grapefruit Belle Vie Sparkling Flavored Water - 12 pack, 12 fl oz",3.65,12 x 12 fl oz,N/A,Aldi
2025-04-09,"Italian Sparkling  Mineral Water - 6 pack, 16.9 fl oz Bottles",4.75,6 x 16.9 fl oz,N/A,Aldi
2025-04-09,"Guava Mango Juice Drink, 59 oz",1.65,59 fl oz,N/A,Aldi
2025-04-09,"Grape  Liquid Water Enhancer - 24 pack, 1.62 fl oz",1.99,1.62 fl oz,N/A,Aldi
2025-04-09,"Fruit Punch Drink Mix, 10 count",1.99,10 ct,N/A,Aldi
2025-04-09,"Iced Tea with Lemon Drink Mix, 10 count",1.99,10 ct,N/A,Aldi
2025-04-09,"Organic Peru Whole Bean Medium Roast Coffee, 12 oz",7.39,12 oz,N/A,Aldi
2025-04-09,"Fair Trade Single Origin Sumatra Dark Roast Ground Coffee, 12 oz",5.19,12 oz,N/A,Aldi
2025-04-09,"Cranberry  Apple Juice Cocktail, 64 fl oz",2.75,64 fl oz,N/A,Aldi
2025-04-09,"Black Tea Bags, 100 Count",1.99,100 ct,N/A,Aldi
2025-04-09,"Fair Trade Hazelnut Flavored Coffee Pods, 12 count",4.05,12 ct,N/A,Aldi
2025-04-09,"Green Tea Citrus Iced Tea - 12 pack, 16.9 fl oz",5.75,12 x 16.9 fl oz,N/A,Aldi
2025-04-09,"Donut Store  Medium Roast 100% Arabica Blend Ground Coffee, 12 oz",4.95,12 oz,N/A,Aldi
2025-04-09,"Original Seltzer Water, 33.8 fl oz",0.99,33.8 fl oz,N/A,Aldi
2025-04-09,12 pk Ginger Ale,3.35,12 x 12 fl oz,N/A,Aldi
2025-04-09,"Cranberry Pomegranate Juice Cocktail, 64 fl oz",2.75,64 fl oz,N/A,Aldi
2025-04-09,"100% Apple Juice, 64 fl oz",1.89,64 fl oz,N/A,Aldi
2025-04-09,"Breakfast   Blend Medium Roast 100% Arabica Ground Coffee, 12 oz",4.95,12 oz,N/A,Aldi
2025-04-09,"Diet Green Tea Citrus Iced Tea - 12 pack, 16.9 fl oz",5.75,12 x 16.9 fl oz,N/A,Aldi
2025-04-09,"Fruit Punch Drink Mix, 6 count",2.19,6 ct,N/A,Aldi
2025-04-09,"Organic 100% Apple Juice, 64 fl oz",2.55,64 fl oz,N/A,Aldi
2025-04-09,"Strawberry Kiwi Juice Drink, 59 fl oz",1.65,59 fl oz,N/A,Aldi
2025-04-09,"100% Cranberry Juice, 64 fl oz",3.45,64 fl oz,N/A,Aldi
2025-04-09,"100% Grape Juice, 64 fl oz",3.19,64 fl oz,N/A,Aldi
2025-04-09,"Classic  Medium Decaf Ground Coffee, 11.3 oz",4.79,11.3 oz,N/A,Aldi
2025-04-09,"Black Cherry Sparkling Flavored Water, 33.8 fl oz",0.55,33.8 fl oz,N/A,Aldi
2025-04-09,"Splash  Tropical Blend Juice Cocktail, 64 fl oz",2.09,64 fl oz,N/A,Aldi
2025-04-09,"Green Tea Bags, 20 count",1.45,20 ct,N/A,Aldi
2025-04-09,"Green Tea with Lemon and Ginseng Bags, 20 count",1.45,20 ct,N/A,Aldi
2025-04-09,"Cola, 2 Liter Bottle",1.09,2 L,N/A,Aldi
2025-04-09,"Purified Water -  24 pack, 16.9 fl oz Bottles",3.15,24 x 16.9 fl oz,N/A,Aldi
2025-04-09,"Dark Roast Instant Coffee, 7 oz",7.69,7 oz,N/A,Aldi
date,item_name,price,price_per_unit,sale_price,store
2025-04-09,"Roasted Red Pepper Topped Hummus, 10 oz",2.75,10 oz,N/A,Aldi
2025-04-09,"Spicy  Hummus, 10 oz",2.75,10 oz,N/A,Aldi
2025-04-09,"Olive  Tapenade Hummus, 10 oz",2.75,10 oz,N/A,Aldi
2025-04-09,"Spinach Parmesan Tzatziki Dip, 10 oz",3.05,10 oz,N/A,Aldi
2025-04-09,"Cucumber Dill Tzatziki Dip, 10 oz",3.05,10 oz,N/A,Aldi
2025-04-09,"Classic Hummus Single Serve Mini Cups, 6 pack",4.95,12 oz,N/A,Aldi
2025-04-09,"Uncured   Beef  Franks, 15 oz",4.09,15 oz,N/A,Aldi
2025-04-09,"Classic Single Guacamole  - 6 Mini Cups, 12 oz",4.29,12 oz,N/A,Aldi
2025-04-09,"Red Pepper Hummus Single Serve Mini Cups, 6 count",4.95,12 oz,N/A,Aldi
2025-04-09,"Cranberry Almond  Chicken Salad Mini Cups, 4 pack",5.49,12 oz,N/A,Aldi
2025-04-09,"Jubilee  Assortment Olives, 7 oz",3.09,7 oz,N/A,Aldi
2025-04-09,"Family Size  Smoked Ham, 16 oz",5.65,16 oz,N/A,Aldi
2025-04-09,"Honey Ham,  16 oz",5.65,16 oz,N/A,Aldi
2025-04-09,"Family  Size Roast Beef, 14 oz",5.65,14 oz,N/A,Aldi
2025-04-09,"Family  Size Rotisserie Chicken Breast, 1 lb",5.65,16 oz,N/A,Aldi
2025-04-09,"Family Size Lower Sodium Smoked Honey Ham in Lunch Meat Tub, 15 oz",5.65,15 oz,N/A,Aldi
2025-04-09,"Herb Chicken  Tortellini, 20 oz",5.49,20 oz,N/A,Aldi
2025-04-09,"Classic Chicken Salad,  16 oz",5.49,16 oz,N/A,Aldi
2025-04-09,"Classic Hummus, 10 oz",2.75,10 oz,N/A,Aldi
2025-04-09,"Garlic Topped Hummus, 10 oz",2.75,10 oz,N/A,Aldi
2025-04-09,"Prosciutto, 4 oz",3.99,4 oz,N/A,Aldi
2025-04-09,"Sliced  Hard Salami, 16 oz",5.39,16 oz,N/A,Aldi
2025-04-09,"Organic Red Pepper Hummus, 8 oz",2.75,8 oz,N/A,Aldi
2025-04-09,"Cold Smoked  Atlantic Salmon, 3 oz",3.49,3 oz,N/A,Aldi
2025-04-09,"Organic Classic Hummus, 8 oz",2.75,8 oz,N/A,Aldi
2025-04-09,"Salame Italiano, 3 oz",3.85,3 oz,N/A,Aldi
2025-04-09,"Original Italian Dry Sliced Salami, 16 oz",8.15,16 oz,N/A,Aldi
2025-04-09,"Classic Five Cheese Ravioli, 9 oz",3.29,9 oz,N/A,Aldi
2025-04-09,"Grilled Chicken Fully Cooked & Sliced into Strips, 12 oz",4.39,12 oz,N/A,Aldi
2025-04-09,"Chicken Fajita Fully Cooked & Slicked into Strips, 12 oz",4.39,12 oz,N/A,Aldi
2025-04-09,"Black Bean Salad, 10 oz",3.09,10 oz,N/A,Aldi
2025-04-09,"Spicy Italian Dry Sliced Salami, 16 oz",8.15,16 oz,N/A,Aldi
2025-04-09,"Fully Cooked Bacon, 2.1 oz",3.75,2.1 oz,N/A,Aldi
2025-04-09,"Oven  Roasted Chicken Breast, 1 lb",4.95,16 oz,N/A,Aldi
2025-04-09,"Honey Smoked Turkey Breast & White Turkey, 1 lb",4.95,16 oz,N/A,Aldi
2025-04-09,"Deli  Sliced Honey Ham, 1 lb",4.95,16 oz,N/A,Aldi
2025-04-09,"Classic  Hot  Dogs, 12 oz",1.09,12 oz,N/A,Aldi
2025-04-09,"Roasted Turkey Breast, 14 oz",2.99,14 oz,N/A,Aldi
2025-04-09,"Spicy Single Guacamole -  6 Mini Cups, 12 oz",4.29,12 oz,N/A,Aldi
2025-04-09,"Spinach Artichoke Tzatziki Dip, 10 oz",3.05,10 oz,N/A,Aldi
2025-04-09,"Classic Chicken  Salad Mini Cups, 4 pack",5.49,12 oz,N/A,Aldi
2025-04-09,"Hickory Smoked Turkey Breast, 1 lb",4.95,16 oz,N/A,Aldi
2025-04-09,"Kalamata  Olives, 7 oz",3.09,7 oz,N/A,Aldi
2025-04-09,"Hickory  Smoked No Sugar Added Uncured Bacon, 12 oz",5.49,12 oz,N/A,Aldi
2025-04-09,"Rotisserie Chicken Breast, 9 oz",3.65,9 oz,N/A,Aldi
2025-04-09,"Lower Sodium  Bacon, 16 oz",4.19,16 oz,N/A,Aldi
2025-04-09,"Center Cut Bacon, 12 oz",4.79,12 oz,N/A,Aldi
2025-04-09,"Greek  Feta Salad, 7 oz",3.09,7 oz,N/A,Aldi
2025-04-09,"Oven Roasted Turkey Breast, 9 oz",3.65,9 oz,N/A,Aldi
2025-04-09,"Uncured Honey Ham, 9 oz",3.65,9 oz,N/A,Aldi
2025-04-09,"Uncured Smoked Ham, 9 oz",3.65,9 oz,N/A,Aldi
2025-04-09,"Mesquite Smoked Turkey Breast, 9 oz",3.65,9 oz,N/A,Aldi
2025-04-09,"Sliced Pepperoni, 6 oz",2.19,6 oz,N/A,Aldi
2025-04-09,"Family Size Low Sodium Oven Roasted Turkey, 15 oz",5.65,15 oz,N/A,Aldi
2025-04-09,"Pine  Nut Hummus, 10 oz",2.75,10 oz,N/A,Aldi
2025-04-09,"Biscuit  Ham Slices, 12 oz",3.55,12 oz,N/A,Aldi
2025-04-09,"Tri-Color  Tortellini, 9 oz",2.65,9 oz,N/A,Aldi
2025-04-09,"Mushroom Tortelloni, 8.8 oz",1.99,8.8 oz,N/A,Aldi
2025-04-09,"Oven Roasted  Turkey Breast, 1 lb",5.65,16 oz,N/A,Aldi
2025-04-09,"Hickory  Smoked Thick Sliced Bacon, 24 oz",6.95,24 oz,N/A,Aldi
